MB402,1
MB402,2
MB402,3
MB402,4
MB402,5
MB402,6
MB402,7
MB402,8
MB402,9
MB402,10
MB402,11
MB402,12
MB402,13
MB402,14
MB402,15
MB402,16
MB402,17
MB402,18
MB402,19
MB402,20
MB402,21
MB402,22
MB402,23
MB402,24
MB402,25
MB402,26
MB402,27
MB402,28
MB402,29
MB402,30
MB402,31
MB402,32
MB402,33
MB402,34
MB402,35
MB402,36
MB402,37
MB402,38
MB402,39
MB402,40
MB402,41
MB402,42
MB402,43
MB402,44
MB402,45
MB402,46
MB402,47
MB402,48
MB402,49
MB402,50
MB402,51
MB402,52
MB402,53
MB402,54
MB402,55
MB402,56
MB402,57
MB402,58
MB402,59
MB402,60
MB402,61
MB402,62
MB402,63
MB402,64
MB402,65
MB402,66
MB402,67
MB402,68
MB402,69
MB402,70
MB402,71
MB402,72
MB402,73
MB402,74
MB402,75
MB402,76
MB402,77
MB402,78
MB402,79
MB402,80
MB402,81
MB402,82
MB402,83
MB402,84
MB402,85
MB402,86
MB402,87
MB402,88
MB402,89
MB402,90
MB402,91
MB402,92
MB402,93
MB402,94
MB402,95
MB402,96
MB402,97
MB402,98
MB402,99
MB402,100
MB402,101
MB402,102
MB403,1
MB403,2
MB403,3
MB403,4
MB403,5
MB403,6
MB403,7
MB403,8
MB403,9
MB403,10
MB403,11
MB403,12
MB403,13
MB403,14
MB403,15
MB403,16
MB403,17
MB403,18
MB403,19
MB403,20
MB403,21
MB403,22
MB403,23
MB403,24
MB403,25
MB403,26
MB403,27
MB403,28
MB403,29
MB403,30
MB403,31
MB403,32
MB403,33
MB403,34
MB403,35
MB403,36
MB403,37
MB403,38
MB403,39
MB403,40
MB403,41
MB403,42
MB403,43
MB403,44
MB403,45
MB403,46
MB403,47
MB403,48
MB403,49
MB403,50
MB403,51
MB403,52
MB403,53
MB403,54
MB403,55
MB403,56
MB403,57
MB403,58
MB403,59
MB403,60
MB403,61
MB403,62
MB403,63
MB403,64
MB403,65
MB403,66
MB403,67
MB403,68
MB403,69
MB403,70
MB403,71
MB403,72
MB403,73
MB403,74
MB403,75
MB403,76
MB403,77
MB403,78
MB403,79
MB403,80
MB403,81
MB403,82
MB403,83
MB403,84
MB403,85
MB403,86
MB403,87
MB403,88
MB403,89
MB403,90
MB403,91
MB403,92
MB403,93
MB403,94
MB403,95
MB403,96
MB403,97
MB403,98
MB403,99
MB403,100
MB403,101
MB403,102
MB404,1
MB404,2
MB404,3
MB404,4
MB404,5
MB404,6
MB404,7
MB404,8
MB404,9
MB404,10
MB404,11
MB404,12
MB404,13
MB404,14
MB404,15
MB404,16
MB404,17
MB404,18
MB404,19
MB404,20
MB404,21
MB404,22
MB404,23
MB404,24
MB404,25
MB404,26
MB404,27
MB404,28
MB404,29
MB404,30
MB404,31
MB404,32
MB404,33
MB404,34
MB404,35
MB404,36
MB404,37
MB404,38
MB404,39
MB404,40
MB404,41
MB404,42
MB404,43
MB404,44
MB404,45
MB404,46
MB404,47
MB404,48
MB404,49
MB404,50
MB404,51
MB404,52
MB404,53
MB404,54
MB404,55
MB404,56
MB404,57
MB404,58
MB404,59
MB404,60
MB404,61
MB404,62
MB404,63
MB404,64
MB404,65
MB404,66
MB404,67
MB404,68
MB404,69
MB404,70
MB404,71
MB404,72
MB404,73
MB404,74
MB404,75
MB404,76
MB404,77
MB404,78
MB404,79
MB404,80
MB404,81
MB404,82
MB404,83
MB404,84
MB404,85
MB404,86
MB404,87
MB404,88
MB404,89
MB404,90
MB404,91
MB404,92
MB404,93
MB404,94
MB404,95
MB404,96
MB404,97
MB404,98
MB404,99
MB404,100
MB404,101
MB404,102
MB405,1
MB405,2
MB405,3
MB405,4
MB405,5
MB405,6
MB405,7
MB405,8
MB405,9
MB405,10
MB405,11
MB405,12
MB405,13
MB405,14
MB405,15
MB405,16
MB405,17
MB405,18
MB405,19
MB405,20
MB405,21
MB405,22
MB405,23
MB405,24
MB405,25
MB405,26
MB405,27
MB405,28
MB405,29
MB405,30
MB405,31
MB405,32
MB405,33
MB405,34
MB405,35
MB405,36
MB405,37
MB405,38
MB405,39
MB405,40
MB405,41
MB405,42
MB405,43
MB405,44
MB405,45
MB405,46
MB405,47
MB405,48
MB405,49
MB405,50
MB405,51
MB405,52
MB405,53
MB405,54
MB405,55
MB405,56
MB405,57
MB405,58
MB405,59
MB405,60
MB405,61
MB405,62
MB405,63
MB405,64
MB405,65
MB405,66
MB405,67
MB405,68
MB405,69
MB405,70
MB405,71
MB405,72
MB405,73
MB405,74
MB405,75
MB405,76
MB405,77
MB405,78
MB405,79
MB405,80
MB405,81
MB405,82
MB405,83
MB405,84
MB405,85
MB405,86
MB405,87
MB405,88
MB405,89
MB405,90
MB405,91
MB405,92
MB405,93
MB405,94
MB405,95
MB405,96
MB405,97
MB405,98
MB405,99
MB405,100
MB405,101
MB405,102
MB406,1
MB406,2
MB406,3
MB406,4
MB406,5
MB406,6
MB406,7
MB406,8
MB406,9
MB406,10
MB406,11
MB406,12
MB406,13
MB406,14
MB406,15
MB406,16
MB406,17
MB406,18
MB406,19
MB406,20
MB406,21
MB406,22
MB406,23
MB406,24
MB406,25
MB406,26
MB406,27
MB406,28
MB406,29
MB406,30
MB406,31
MB406,32
MB406,33
MB406,34
MB406,35
MB406,36
MB406,37
MB406,38
MB406,39
MB406,40
MB406,41
MB406,42
MB406,43
MB406,44
MB406,45
MB406,46
MB406,47
MB406,48
MB406,49
MB406,50
MB406,51
MB406,52
MB406,53
MB406,54
MB406,55
MB406,56
MB406,57
MB406,58
MB406,59
MB406,60
MB406,61
MB406,62
MB406,63
MB406,64
MB406,65
MB406,66
MB406,67
MB406,68
MB406,69
MB406,70
MB406,71
MB406,72
MB406,73
MB406,74
MB406,75
MB406,76
MB406,77
MB406,78
MB406,79
MB406,80
MB406,81
MB406,82
MB406,83
MB406,84
MB406,85
MB406,86
MB406,87
MB406,88
MB406,89
MB406,90
MB406,91
MB406,92
MB406,93
MB406,94
MB406,95
MB406,96
MB406,97
MB406,98
MB406,99
MB406,100
MB406,101
MB406,102
MB502,1
MB502,2
MB502,3
MB502,4
MB502,5
MB502,6
MB502,7
MB502,8
MB502,9
MB502,10
MB502,11
MB502,12
MB502,13
MB502,14
MB502,15
MB502,16
MB502,17
MB502,18
MB502,19
MB502,20
MB502,21
MB502,22
MB502,23
MB502,24
MB502,25
MB502,26
MB502,27
MB502,28
MB502,29
MB502,30
MB502,31
MB502,32
MB502,33
MB502,34
MB502,35
MB502,36
MB502,37
MB502,38
MB502,39
MB502,40
MB502,41
MB502,42
MB502,43
MB502,44
MB502,45
MB502,46
MB502,47
MB502,48
MB502,49
MB502,50
MB502,51
MB502,52
MB502,53
MB502,54
MB502,55
MB502,56
MB502,57
MB502,58
MB502,59
MB502,60
MB502,61
MB502,62
MB502,63
MB502,64
MB502,65
MB502,66
MB502,67
MB502,68
MB502,69
MB502,70
MB502,71
MB502,72
MB502,73
MB502,74
MB502,75
MB502,76
MB502,77
MB502,78
MB502,79
MB502,80
MB502,81
MB502,82
MB502,83
MB502,84
MB502,85
MB502,86
MB502,87
MB502,88
MB502,89
MB502,90
MB502,91
MB502,92
MB502,93
MB502,94
MB502,95
MB502,96
MB503,1
MB503,2
MB503,3
MB503,4
MB503,5
MB503,6
MB503,7
MB503,8
MB503,9
MB503,10
MB503,11
MB503,12
MB503,13
MB503,14
MB503,15
MB503,16
MB503,17
MB503,18
MB503,19
MB503,20
MB503,21
MB503,22
MB503,23
MB503,24
MB503,25
MB503,26
MB503,27
MB503,28
MB503,29
MB503,30
MB503,31
MB503,32
MB503,33
MB503,34
MB503,35
MB503,36
MB503,37
MB503,38
MB503,39
MB503,40
MB503,41
MB503,42
MB503,43
MB503,44
MB503,45
MB503,46
MB503,47
MB503,48
MB503,49
MB503,50
MB503,51
MB503,52
MB503,53
MB503,54
MB503,55
MB503,56
MB503,57
MB503,58
MB503,59
MB503,60
MB503,61
MB503,62
MB503,63
MB503,64
MB503,65
MB503,66
MB503,67
MB503,68
MB503,69
MB503,70
MB503,71
MB503,72
MB503,73
MB503,74
MB503,75
MB503,76
MB503,77
MB503,78
MB503,79
MB503,80
MB503,81
MB503,82
MB503,83
MB503,84
MB503,85
MB503,86
MB503,87
MB503,88
MB503,89
MB503,90
MB503,91
MB503,92
MB503,93
MB503,94
MB503,95
MB503,96
MB504,1
MB504,2
MB504,3
MB504,4
MB504,5
MB504,6
MB504,7
MB504,8
MB504,9
MB504,10
MB504,11
MB504,12
MB504,13
MB504,14
MB504,15
MB504,16
MB504,17
MB504,18
MB504,19
MB504,20
MB504,21
MB504,22
MB504,23
MB504,24
MB504,25
MB504,26
MB504,27
MB504,28
MB504,29
MB504,30
MB504,31
MB504,32
MB504,33
MB504,34
MB504,35
MB504,36
MB504,37
MB504,38
MB504,39
MB504,40
MB504,41
MB504,42
MB504,43
MB504,44
MB504,45
MB504,46
MB504,47
MB504,48
MB504,49
MB504,50
MB504,51
MB504,52
MB504,53
MB504,54
MB504,55
MB504,56
MB504,57
MB504,58
MB504,59
MB504,60
MB504,61
MB504,62
MB504,63
MB504,64
MB504,65
MB504,66
MB504,67
MB504,68
MB504,69
MB504,70
MB504,71
MB504,72
MB504,73
MB504,74
MB504,75
MB504,76
MB504,77
MB504,78
MB504,79
MB504,80
MB504,81
MB504,82
MB504,83
MB504,84
MB504,85
MB504,86
MB504,87
MB504,88
MB504,89
MB504,90
MB504,91
MB504,92
MB504,93
MB504,94
MB504,95
MB504,96
MB505,1
MB505,2
MB505,3
MB505,4
MB505,5
MB505,6
MB505,7
MB505,8
MB505,9
MB505,10
MB505,11
MB505,12
MB505,13
MB505,14
MB505,15
MB505,16
MB505,17
MB505,18
MB505,19
MB505,20
MB505,21
MB505,22
MB505,23
MB505,24
MB505,25
MB505,26
MB505,27
MB505,28
MB505,29
MB505,30
MB505,31
MB505,32
MB505,33
MB505,34
MB505,35
MB505,36
MB505,37
MB505,38
MB505,39
MB505,40
MB505,41
MB505,42
MB505,43
MB505,44
MB505,45
MB505,46
MB505,47
MB505,48
MB505,49
MB505,50
MB505,51
MB505,52
MB505,53
MB505,54
MB505,55
MB505,56
MB505,57
MB505,58
MB505,59
MB505,60
MB505,61
MB505,62
MB505,63
MB505,64
MB505,65
MB505,66
MB505,67
MB505,68
MB505,69
MB505,70
MB505,71
MB505,72
MB505,73
MB505,74
MB505,75
MB505,76
MB505,77
MB505,78
MB505,79
MB505,80
MB505,81
MB505,82
MB505,83
MB505,84
MB505,85
MB505,86
MB505,87
MB505,88
MB505,89
MB505,90
MB505,91
MB505,92
MB505,93
MB505,94
MB505,95
MB505,96
MB506,1
MB506,2
MB506,3
MB506,4
MB506,5
MB506,6
MB506,7
MB506,8
MB506,9
MB506,10
MB506,11
MB506,12
MB506,13
MB506,14
MB506,15
MB506,16
MB506,17
MB506,18
MB506,19
MB506,20
MB506,21
MB506,22
MB506,23
MB506,24
MB506,25
MB506,26
MB506,27
MB506,28
MB506,29
MB506,30
MB506,31
MB506,32
MB506,33
MB506,34
MB506,35
MB506,36
MB506,37
MB506,38
MB506,39
MB506,40
MB506,41
MB506,42
MB506,43
MB506,44
MB506,45
MB506,46
MB506,47
MB506,48
MB506,49
MB506,50
MB506,51
MB506,52
MB506,53
MB506,54
MB506,55
MB506,56
MB506,57
MB506,58
MB506,59
MB506,60
MB506,61
MB506,62
MB506,63
MB506,64
MB506,65
MB506,66
MB506,67
MB506,68
MB506,69
MB506,70
MB506,71
MB506,72
MB506,73
MB506,74
MB506,75
MB506,76
MB506,77
MB506,78
MB506,79
MB506,80
MB506,81
MB506,82
MB506,83
MB506,84
MB506,85
MB506,86
MB506,87
MB506,88
MB506,89
MB506,90
MB506,91
MB506,92
MB506,93
MB506,94
MB506,95
MB506,96
MD501,1
MD501,2
MD501,3
MD501,4
MD501,5
MD501,6
MD501,7
MD501,8
MD501,9
MD501,10
MD501,11
MD501,12
MD501,13
MD501,14
MD501,15
MD501,16
MD501,17
MD501,18
MD501,19
MD501,20
MD501,21
MD501,22
MD501,23
MD501,24
MD501,25
MD501,26
MD501,27
MD501,28
MD501,29
MD501,30
MD501,31
MD501,32
MD501,33
MD501,34
MD501,35
MD501,36
MD501,37
MD501,38
MD501,39
MD501,40
MD501,41
MD501,42
MD501,43
MD501,44
MD501,45
MD501,46
MD501,47
MD501,48
MD501,49
MD501,50
MD501,51
MD501,52
MD501,53
MD501,54
MD501,55
MD501,56
MD501,57
MD501,58
MD501,59
MD501,60
MD501,61
MD501,62
MD501,63
MD501,64
MD501,65
MD501,66
MD501,67
MD501,68
MD501,69
MD501,70
MD501,71
MD501,72
MD501,73
MD501,74
MD501,75
MD501,76
MD501,77
MD501,78
MD501,79
MD501,80
MD501,81
MD501,82
MD501,83
MD501,84
MD501,85
MD501,86
MD501,87
MD501,88
MD501,89
MD501,90
MD501,91
MD501,92
MD501,93
MD501,94
MD501,95
MD501,96
MD502,1
MD502,2
MD502,3
MD502,4
MD502,5
MD502,6
MD502,7
MD502,8
MD502,9
MD502,10
MD502,11
MD502,12
MD502,13
MD502,14
MD502,15
MD502,16
MD502,17
MD502,18
MD502,19
MD502,20
MD502,21
MD502,22
MD502,23
MD502,24
MD502,25
MD502,26
MD502,27
MD502,28
MD502,29
MD502,30
MD502,31
MD502,32
MD502,33
MD502,34
MD502,35
MD502,36
MD502,37
MD502,38
MD502,39
MD502,40
MD502,41
MD502,42
MD502,43
MD502,44
MD502,45
MD502,46
MD502,47
MD502,48
MD502,49
MD502,50
MD502,51
MD502,52
MD502,53
MD502,54
MD502,55
MD502,56
MD502,57
MD502,58
MD502,59
MD502,60
MD502,61
MD502,62
MD502,63
MD502,64
MD502,65
MD502,66
MD502,67
MD502,68
MD502,69
MD502,70
MD502,71
MD502,72
MD502,73
MD502,74
MD502,75
MD502,76
MD502,77
MD502,78
MD502,79
MD502,80
MD502,81
MD502,82
MD502,83
MD502,84
MD502,85
MD502,86
MD502,87
MD502,88
MD502,89
MD502,90
MD502,91
MD502,92
MD502,93
MD502,94
MD502,95
MD502,96
MD503,1
MD503,2
MD503,3
MD503,4
MD503,5
MD503,6
MD503,7
MD503,8
MD503,9
MD503,10
MD503,11
MD503,12
MD503,13
MD503,14
MD503,15
MD503,16
MD503,17
MD503,18
MD503,19
MD503,20
MD503,21
MD503,22
MD503,23
MD503,24
MD503,25
MD503,26
MD503,27
MD503,28
MD503,29
MD503,30
MD503,31
MD503,32
MD503,33
MD503,34
MD503,35
MD503,36
MD503,37
MD503,38
MD503,39
MD503,40
MD503,41
MD503,42
MD503,43
MD503,44
MD503,45
MD503,46
MD503,47
MD503,48
MD503,49
MD503,50
MD503,51
MD503,52
MD503,53
MD503,54
MD503,55
MD504,1
MD504,2
MD504,3
MD504,4
MD504,5
MD504,6
MD504,7
MD504,8
MD504,9
MD504,10
MD504,11
MD504,12
MD504,13
MD504,14
MD504,15
MD504,16
MD504,17
MD504,18
MD504,19
MD504,20
MD504,21
MD504,22
MD504,23
MD504,24
MD504,25
MD504,26
MD504,27
MD504,28
MD504,29
MD504,30
MD504,31
MD504,32
MD504,33
MD504,34
MD504,35
MD504,36
MD504,37
MD504,38
MD504,39
MD504,40
MD504,41
MD504,42
MD504,43
MD504,44
MD504,45
MD504,46
MD504,47
MD504,48
MD504,49
MD504,50
MD504,51
MD504,52
MD504,53
MD504,54
MD504,55
MD505,1
MD505,2
MD505,3
MD505,4
MD505,5
MD505,6
MD505,7
MD505,8
MD505,9
MD505,10
MD505,11
MD505,12
MD505,13
MD505,14
MD505,15
MD505,16
MD505,17
MD505,18
MD505,19
MD505,20
MD505,21
MD505,22
MD505,23
MD505,24
MD505,25
MD505,26
MD505,27
MD505,28
MD505,29
MD505,30
MD505,31
MD505,32
MD505,33
MD505,34
MD505,35
MD505,36
MD505,37
MD505,38
MD505,39
MD505,40
MD505,41
MD505,42
MD505,43
MD505,44
MD505,45
MD505,46
MD505,47
MD505,48
MD505,49
MD505,50
MD505,51
MD505,52
MD505,53
MD505,54
MD505,55
MD506,1
MD506,2
MD506,3
MD506,4
MD506,5
MD506,6
MD506,7
MD506,8
MD506,9
MD506,10
MD506,11
MD506,12
MD506,13
MD506,14
MD506,15
MD506,16
MD506,17
MD506,18
MD506,19
MD506,20
MD506,21
MD506,22
MD506,23
MD506,24
MD506,25
MD506,26
MD506,27
MD506,28
MD506,29
MD506,30
MD506,31
MD506,32
MD506,33
MD506,34
MD506,35
MD506,36
MD506,37
MD506,38
MD506,39
MD506,40
MD506,41
MD506,42
MD506,43
MD506,44
MD506,45
MD506,46
MD506,47
MD506,48
MD506,49
MD506,50
MD506,51
MD506,52
MD506,53
MD506,54
MD506,55
MA301,1
MA301,2
MA301,3
MA301,4
MA301,5
MA301,6
MA301,7
MA301,8
MA301,9
MA301,10
MA301,11
MA301,12
MA301,13
MA301,14
MA301,15
MA301,16
MA301,17
MA301,18
MA301,19
MA301,20
MA301,21
MA301,22
MA301,23
MA301,24
MA301,25
MA301,26
MA301,27
MA301,28
MA301,29
MA301,30
MA301,31
MA301,32
MA301,33
MA301,34
MA301,35
MA301,36
MA301,37
MA301,38
MA301,39
MA301,40
MA301,41
MA301,42
MA301,43
MA301,44
MA301,45
MA301,46
MA301,47
MA301,48
MA301,49
MA301,50
MA301,51
MA301,52
MA301,53
MA301,54
MA301,55
MA302,1
MA302,2
MA302,3
MA302,4
MA302,5
MA302,6
MA302,7
MA302,8
MA302,9
MA302,10
MA302,11
MA302,12
MA302,13
MA302,14
MA302,15
MA302,16
MA302,17
MA302,18
MA302,19
MA302,20
MA302,21
MA302,22
MA302,23
MA302,24
MA302,25
MA302,26
MA302,27
MA302,28
MA302,29
MA302,30
MA302,31
MA302,32
MA302,33
MA302,34
MA302,35
MA302,36
MA302,37
MA302,38
MA302,39
MA302,40
MA302,41
MA302,42
MA302,43
MA302,44
MA302,45
MA302,46
MA302,47
MA302,48
MA302,49
MA302,50
MA302,51
MA302,52
MA302,53
MA302,54
MA302,55
MA303,1
MA303,2
MA303,3
MA303,4
MA303,5
MA303,6
MA303,7
MA303,8
MA303,9
MA303,10
MA303,11
MA303,12
MA303,13
MA303,14
MA303,15
MA303,16
MA303,17
MA303,18
MA303,19
MA303,20
MA303,21
MA303,22
MA303,23
MA303,24
MA303,25
MA303,26
MA303,27
MA303,28
MA303,29
MA303,30
MA303,31
MA303,32
MA303,33
MA303,34
MA303,35
MA303,36
MA303,37
MA303,38
MA303,39
MA303,40
MA303,41
MA303,42
MA303,43
MA303,44
MA303,45
MA303,46
MA303,47
MA303,48
MA303,49
MA303,50
MA303,51
MA303,52
MA303,53
MA303,54
MA303,55
MA304,1
MA304,2
MA304,3
MA304,4
MA304,5
MA304,6
MA304,7
MA304,8
MA304,9
MA304,10
MA304,11
MA304,12
MA304,13
MA304,14
MA304,15
MA304,16
MA304,17
MA304,18
MA304,19
MA304,20
MA304,21
MA304,22
MA304,23
MA304,24
MA304,25
MA304,26
MA304,27
MA304,28
MA304,29
MA304,30
MA304,31
MA304,32
MA304,33
MA304,34
MA304,35
MA304,36
MA304,37
MA304,38
MA304,39
MA304,40
MA304,41
MA304,42
MA304,43
MA304,44
MA304,45
MA304,46
MA304,47
MA304,48
MA304,49
MA304,50
MA304,51
MA304,52
MA304,53
MA304,54
MA304,55
MA507,1
MA507,2
MA507,3
MA507,4
MA507,5
MA507,6
MA507,7
MA507,8
MA507,9
MA507,10
MA507,11
MA507,12
MA507,13
MA507,14
MA507,15
MA507,16
MA507,17
MA507,18
MA507,19
MA507,20
MA507,21
MA507,22
MA507,23
MA507,24
MA507,25
MA507,26
MA507,27
MA507,28
MA507,29
MA507,30
MA507,31
MA507,32
MA507,33
MA507,34
MA507,35
MA507,36
MA507,37
MA507,38
MA507,39
MA507,40
MA508,1
MA508,2
MA508,3
MA508,4
MA508,5
MA508,6
MA508,7
MA508,8
MA508,9
MA508,10
MA508,11
MA508,12
MA508,13
MA508,14
MA508,15
MA508,16
MA508,17
MA508,18
MA508,19
MA508,20
MA508,21
MA508,22
MA508,23
MA508,24
MA508,25
MA508,26
MA508,27
MA508,28
MA508,29
MA508,30
MA508,31
MA508,32
MA508,33
MA508,34
MA508,35
MA508,36
MA508,37
MA508,38
MA508,39
MA508,40
ZA203,1
ZA203,2
ZA203,3
ZA203,4
ZA203,5
ZA203,6
ZA203,7
ZA203,8
ZA203,9
ZA203,10
ZA203,11
ZA203,12
ZA203,13
ZA203,14
ZA203,15
ZA203,16
ZA203,17
ZA203,18
ZA203,19
ZA203,20
ZA203,21
ZA203,22
ZA203,23
ZA203,24
ZA203,25
ZA203,26
ZA203,27
ZA203,28
ZA203,29
ZA203,30
ZA203,31
ZA203,32
ZA203,33
ZA203,34
ZA203,35
ZA203,36
ZA203,37
ZA203,38
ZA203,39
ZA203,40
ZA203,41
ZA203,42
ZA203,43
ZA203,44
ZA203,45
ZA203,46
ZA203,47
ZA203,48
ZA203,49
ZA203,50
ZA203,51
ZA203,52
ZA203,53
ZA203,54
ZA203,55
ZA203,56
ZA203,57
ZA203,58
ZA203,59
ZA203,60
ZA204,1
ZA204,2
ZA204,3
ZA204,4
ZA204,5
ZA204,6
ZA204,7
ZA204,8
ZA204,9
ZA204,10
ZA204,11
ZA204,12
ZA204,13
ZA204,14
ZA204,15
ZA204,16
ZA204,17
ZA204,18
ZA204,19
ZA204,20
ZA204,21
ZA204,22
ZA204,23
ZA204,24
ZA204,25
ZA204,26
ZA204,27
ZA204,28
ZA204,29
ZA204,30
ZA204,31
ZA204,32
ZA204,33
ZA204,34
ZA204,35
ZA204,36
ZA204,37
ZA204,38
ZA204,39
ZA204,40
ZA204,41
ZA204,42
ZA204,43
ZA204,44
ZA204,45
ZA204,46
ZA204,47
ZA204,48
ZA204,49
ZA204,50
ZA204,51
ZA204,52
ZA204,53
ZA204,54
ZA204,55
ZA204,56
ZA204,57
ZA204,58
ZA204,59
ZA204,60
ZA204,61
ZA204,62
ZA204,63
ZA204,64
ZA204,65
ZA204,66
ZA204,67
ZA204,68
ZA204,69
ZA204,70
ZA204,71
ZA204,72
ZA204,73
ZA204,74
ZA204,75
ZA204,76
ZA204,77
ZA204,78
ZA204,79
ZA204,80
ZA204,81
ZA204,82
ZA204,83
ZA204,84
ZA204,85
ZA204,86
ZA204,87
ZA204,88
ZA204,89
ZA204,90
ZA204,91
ZA204,92
ZA204,93
ZA204,94
ZA204,95
ZA204,96
ZA303,1
ZA303,2
ZA303,3
ZA303,4
ZA303,5
ZA303,6
ZA303,7
ZA303,8
ZA303,9
ZA303,10
ZA303,11
ZA303,12
ZA303,13
ZA303,14
ZA303,15
ZA303,16
ZA303,17
ZA303,18
ZA303,19
ZA303,20
ZA303,21
ZA303,22
ZA303,23
ZA303,24
ZA303,25
ZA303,26
ZA303,27
ZA303,28
ZA303,29
ZA303,30
ZA303,31
ZA303,32
ZA303,33
ZA303,34
ZA303,35
ZA303,36
ZA303,37
ZA303,38
ZA303,39
ZA303,40
ZA303,41
ZA303,42
ZA303,43
ZA303,44
ZA303,45
ZA303,46
ZA303,47
ZA303,48
ZA303,49
ZA303,50
ZA304,1
ZA304,2
ZA304,3
ZA304,4
ZA304,5
ZA304,6
ZA304,7
ZA304,8
ZA304,9
ZA304,10
ZA304,11
ZA304,12
ZA304,13
ZA304,14
ZA304,15
ZA304,16
ZA304,17
ZA304,18
ZA304,19
ZA304,20
ZA304,21
ZA304,22
ZA304,23
ZA304,24
ZA304,25
ZA304,26
ZA304,27
ZA304,28
ZA304,29
ZA304,30
ZA304,31
ZA304,32
ZA304,33
ZA304,34
ZA304,35
ZA304,36
ZA304,37
ZA304,38
ZA304,39
ZA304,40
ZA304,41
ZA304,42
ZA304,43
ZA304,44
ZA304,45
ZA304,46
ZA304,47
ZA304,48
ZA304,49
ZA304,50
ZA304,51
ZA304,52
ZA304,53
ZA304,54
ZA304,55
ZA304,56
ZA304,57
ZA304,58
ZA304,59
ZA304,60
ZA304,61
ZA304,62
ZA304,63
ZA304,64
ZA304,65
ZA304,66
ZA304,67
ZA304,68
ZA304,69
ZA304,70
ZA401,1
ZA401,2
ZA401,3
ZA401,4
ZA401,5
ZA401,6
ZA401,7
ZA401,8
ZA401,9
ZA401,10
ZA401,11
ZA401,12
ZA401,13
ZA401,14
ZA401,15
ZA401,16
ZA401,17
ZA401,18
ZA401,19
ZA401,20
ZA401,21
ZA401,22
ZA401,23
ZA401,24
ZA401,25
ZA401,26
ZA401,27
ZA401,28
ZA401,29
ZA401,30
ZA401,31
ZA401,32
ZA401,33
ZA401,34
ZA401,35
ZA401,36
ZA401,37
ZA401,38
ZA401,39
ZA401,40
ZA401,41
ZA401,42
ZA401,43
ZA401,44
ZA401,45
ZA401,46
ZA401,47
ZA401,48
ZA402,1
ZA402,2
ZA402,3
ZA402,4
ZA402,5
ZA402,6
ZA402,7
ZA402,8
ZA402,9
ZA402,10
ZA402,11
ZA402,12
ZA402,13
ZA402,14
ZA402,15
ZA402,16
ZA402,17
ZA402,18
ZA402,19
ZA402,20
ZA402,21
ZA402,22
ZA402,23
ZA402,24
ZA402,25
ZA402,26
ZA402,27
ZA402,28
ZA402,29
ZA402,30
ZA402,31
ZA402,32
ZA402,33
ZA402,34
ZA402,35
ZA402,36
ZA402,37
ZA402,38
ZA402,39
ZA402,40
ZA402,41
ZA402,42
ZA402,43
ZA402,44
ZA402,45
ZA402,46
ZA402,47
ZA402,48
ZA402,49
ZA402,50
ZA402,51
ZA402,52
ZA402,53
ZA402,54
ZA402,55
ZA402,56
ZA402,57
ZA402,58
ZA402,59
ZA402,60
ZA403,1
ZA403,2
ZA403,3
ZA403,4
ZA403,5
ZA403,6
ZA403,7
ZA403,8
ZA403,9
ZA403,10
ZA403,11
ZA403,12
ZA403,13
ZA403,14
ZA403,15
ZA403,16
ZA403,17
ZA403,18
ZA403,19
ZA403,20
ZA403,21
ZA403,22
ZA403,23
ZA403,24
ZA403,25
ZA403,26
ZA403,27
ZA403,28
ZA403,29
ZA403,30
ZA403,31
ZA403,32
ZA403,33
ZA403,34
ZA403,35
ZA403,36
ZA403,37
ZA403,38
ZA403,39
ZA403,40
ZA403,41
ZA403,42
ZA403,43
ZA403,44
ZA403,45
ZA403,46
ZA403,47
ZA403,48
ZA403,49
ZA403,50
ZA403,51
ZA403,52
ZA403,53
ZA403,54
ZA403,55
ZA403,56
ZA403,57
ZA403,58
ZA403,59
ZA403,60
ZA404,1
ZA404,2
ZA404,3
ZA404,4
ZA404,5
ZA404,6
ZA404,7
ZA404,8
ZA404,9
ZA404,10
ZA404,11
ZA404,12
ZA404,13
ZA404,14
ZA404,15
ZA404,16
ZA404,17
ZA404,18
ZA404,19
ZA404,20
ZA404,21
ZA404,22
ZA404,23
ZA404,24
ZA404,25
ZA404,26
ZA404,27
ZA404,28
ZA404,29
ZA404,30
ZA404,31
ZA404,32
ZA404,33
ZA404,34
ZA404,35
ZA404,36
ZA404,37
ZA404,38
ZA404,39
ZA404,40
ZA404,41
ZA404,42
ZA404,43
ZA404,44
ZA404,45
ZA404,46
ZA404,47
ZA404,48
ZA404,49
ZA404,50
ZA404,51
ZA404,52
ZA404,53
ZA404,54
ZA404,55
ZA404,56
ZA404,57
ZA404,58
ZA404,59
ZA404,60
ZA407,1
ZA407,2
ZA407,3
ZA407,4
ZA407,5
ZA407,6
ZA407,7
ZA407,8
ZA407,9
ZA407,10
ZA407,11
ZA407,12
ZA407,13
ZA407,14
ZA407,15
ZA407,16
ZA407,17
ZA407,18
ZA407,19
ZA407,20
ZA407,21
ZA407,22
ZA407,23
ZA407,24
ZA407,25
ZA407,26
ZA407,27
ZA407,28
ZA407,29
ZA407,30
ZA407,31
ZA407,32
ZA407,33
ZA407,34
ZA407,35
ZA407,36
ZA407,37
ZA407,38
ZA407,39
ZA407,40
ZA407,41
ZA407,42
ZA407,43
ZA407,44
ZA407,45
ZA407,46
ZA407,47
ZA407,48
ZA501,1
ZA501,2
ZA501,3
ZA501,4
ZA501,5
ZA501,6
ZA501,7
ZA501,8
ZA501,9
ZA501,10
ZA501,11
ZA501,12
ZA501,13
ZA501,14
ZA501,15
ZA501,16
ZA501,17
ZA501,18
ZA501,19
ZA501,20
ZA501,21
ZA501,22
ZA501,23
ZA501,24
ZA501,25
ZA501,26
ZA501,27
ZA501,28
ZA501,29
ZA501,30
ZA501,31
ZA501,32
ZA501,33
ZA501,34
ZA501,35
ZA501,36
ZA501,37
ZA501,38
ZA501,39
ZA501,40
ZA501,41
ZA501,42
ZA501,43
ZA501,44
ZA501,45
ZA501,46
ZA501,47
ZA501,48
ZA502,1
ZA502,2
ZA502,3
ZA502,4
ZA502,5
ZA502,6
ZA502,7
ZA502,8
ZA502,9
ZA502,10
ZA502,11
ZA502,12
ZA502,13
ZA502,14
ZA502,15
ZA502,16
ZA502,17
ZA502,18
ZA502,19
ZA502,20
ZA502,21
ZA502,22
ZA502,23
ZA502,24
ZA502,25
ZA502,26
ZA502,27
ZA502,28
ZA502,29
ZA502,30
ZA502,31
ZA502,32
ZA502,33
ZA502,34
ZA502,35
ZA502,36
ZA502,37
ZA502,38
ZA502,39
ZA502,40
ZA502,41
ZA502,42
ZA502,43
ZA502,44
ZA502,45
ZA502,46
ZA502,47
ZA502,48
ZA502,49
ZA502,50
ZA502,51
ZA502,52
ZA502,53
ZA502,54
ZA502,55
ZA502,56
ZA502,57
ZA502,58
ZA502,59
ZA502,60
ZA502,61
ZA502,62
ZA502,63
ZA502,64
ZA502,65
ZA502,66
ZA502,67
ZA502,68
ZA502,69
ZA502,70
ZA502,71
ZA502,72
ZA502,73
ZA502,74
ZA502,75
ZA502,76
ZA502,77
ZA502,78
ZA502,79
ZA502,80
ZA502,81
ZA502,82
ZA502,83
ZA502,84
ZA502,85
ZA502,86
ZA502,87
ZA502,88
ZA502,89
ZA502,90
ZA502,91
ZA502,92
ZA502,93
ZA502,94
ZA502,95
ZA502,96
ZA503,1
ZA503,2
ZA503,3
ZA503,4
ZA503,5
ZA503,6
ZA503,7
ZA503,8
ZA503,9
ZA503,10
ZA503,11
ZA503,12
ZA503,13
ZA503,14
ZA503,15
ZA503,16
ZA503,17
ZA503,18
ZA503,19
ZA503,20
ZA503,21
ZA503,22
ZA503,23
ZA503,24
ZA503,25
ZA503,26
ZA503,27
ZA503,28
ZA503,29
ZA503,30
ZA503,31
ZA503,32
ZA503,33
ZA503,34
ZA503,35
ZA503,36
ZA503,37
ZA503,38
ZA503,39
ZA503,40
ZA503,41
ZA503,42
ZA503,43
ZA503,44
ZA503,45
ZA503,46
ZA503,47
ZA503,48
ZA505,1
ZA505,2
ZA505,3
ZA505,4
ZA505,5
ZA505,6
ZA505,7
ZA505,8
ZA505,9
ZA505,10
ZA505,11
ZA505,12
ZA505,13
ZA505,14
ZA505,15
ZA505,16
ZA505,17
ZA505,18
ZA505,19
ZA505,20
ZA505,21
ZA505,22
ZA505,23
ZA505,24
ZA505,25
ZA505,26
ZA505,27
ZA505,28
ZA505,29
ZA505,30
ZA505,31
ZA505,32
ZA505,33
ZA505,34
ZA505,35
ZA505,36
ZA505,37
ZA505,38
ZA505,39
ZA505,40
ZA505,41
ZA505,42
ZA505,43
ZA505,44
ZA505,45
ZA505,46
ZA505,47
ZA505,48
